<?xml version="1.0" encoding="UTF-8"?>
<project-private xmlns="http://www.netbeans.org/ns/project-private/1">
    <editor-bookmarks xmlns="http://www.netbeans.org/ns/editor-bookmarks/2" lastBookmarkId="0"/>
    <open-files xmlns="http://www.netbeans.org/ns/projectui-open-files/2">
        <group>
            <file>file:/F:/SCHOOL_MANAGEMENT_SYSTEM/src/MAIN_PROJECT/MAIN_MENU.java</file>
            <file>file:/F:/SCHOOL_MANAGEMENT_SYSTEM/src/MAIN_PROJECT/std_remove_form.java</file>
            <file>file:/F:/SCHOOL_MANAGEMENT_SYSTEM/src/MAIN_PROJECT/std_upd_form.java</file>
        </group>
    </open-files>
</project-private>
